Kecamatan;Desa/Kelurahan;Kota/Kabupaten;Jumlah Penduduk
Bambanglipuro;Mulyodadi;Bantul;12.031
Bambanglipuro;Sidomulyo;Bantul;14.036
Bambanglipuro;Sumbermulyo;Bantul;16.086
Banguntapan;Banguntapan;Bantul;39.186
Banguntapan;Baturetno;Bantul;17.705
Banguntapan;Jagalan;Bantul;2.974
Banguntapan;Jambidan;Bantul;11.010
Banguntapan;Potorono;Bantul;14.279
Banguntapan;Singosaren;Bantul;4.018
Banguntapan;Tamanan;Bantul;13.172
Banguntapan;Wirokerten;Bantul;15.531
Bantul;Bantul;Bantul;16.980
Bantul;Palbapang;Bantul;14.348
Bantul;Ringinharjo;Bantul;8.744
Bantul;Sabdodadi;Bantul;7.180
Bantul;Trirenggo;Bantul;19.453
Dlingo;Dlingo;Bantul;5.933
Dlingo;Jatimulyo;Bantul;7.225
Dlingo;Mangunan;Bantul;5.035
Dlingo;Muntuk;Bantul;8.945
Dlingo;Temuwuh;Bantul;7.484
Dlingo;Terong;Bantul;5.838
Imogiri;Girirejo;Bantul;4.881
Imogiri;Imogiri;Bantul;4.204
Imogiri;Karangtalun;Bantul;3.174
Imogiri;Karangtengah;Bantul;5.604
Imogiri;Kebonagung;Bantul;3.960
Imogiri;Selopamioro;Bantul;15.307
Imogiri;Sriharjo;Bantul;9.492
Imogiri;Wukirsari;Bantul;18.391
Jetis;Canden;Bantul;12.331
Jetis;Patalan;Bantul;12.250
Jetis;Sumberagung;Bantul;15.689
Jetis;Trimulyo;Bantul;19.284
Kasihan;Bangunjiwo;Bantul;29.310
Kasihan;Ngestiharjo;Bantul;30.282
Kasihan;Tamantirto;Bantul;23.996
Kasihan;Tirtonirmolo;Bantul;23.907
Kretek;Donotirto;Bantul;8.355
Kretek;Parangtritis;Bantul;8.055
Kretek;Tirtohargo;Bantul;3.024
Kretek;Tirtomulyo;Bantul;7.036
Kretek;Tirtosari;Bantul;4.396
Pajangan;Guwosari;Bantul;14.075
Pajangan;Sendangsari;Bantul;12.506
Pajangan;Triwidadi;Bantul;11.159
Pandak;Caturharjo;Bantul;11.755
Pandak;Gilangharjo;Bantul;16.147
Pandak;Triharjo;Bantul;13.464
Pandak;Wijirejo;Bantul;11.366
Piyungan;Sitimulyo;Bantul;18.576
Piyungan;Srimartani;Bantul;17.570
Piyungan;Srimulyo;Bantul;18.545
Pleret;Bawuran;Bantul;6.692
Pleret;Pleret;Bantul;14.037
Pleret;Segoroyoso;Bantul;9.321
Pleret;Wonokromo;Bantul;15.101
Pleret;Wonolelo;Bantul;5.040
Pundong;Panjangrejo;Bantul;9.645
Pundong;Seloharjo;Bantul;12.059
Pundong;Srihardono;Bantul;14.476
Sanden;Gadingharjo;Bantul;3.812
Sanden;Gadingsari;Bantul;10.050
Sanden;Murtigading;Bantul;9.546
Sanden;Srigading;Bantul;8.475
Sedayu;Argodadi;Bantul;12.190
Sedayu;Argomulyo;Bantul;15.102
Sedayu;Argorejo;Bantul;13.321
Sedayu;Argosari;Bantul;9.421
Sewon;Bangunharjo;Bantul;27.024
Sewon;Panggungharjo;Bantul;29.104
Sewon;Pendowoharjo;Bantul;23.423
Sewon;Timbulharjo;Bantul;23.687
Srandakan;Poncosari;Bantul;13.072
Srandakan;Trimurti;Bantul;18.107
Gedangsari;Hargomulyo;Gunungkidul;7.381
Gedangsari;Mertelu;Gunungkidul;3.787
Gedangsari;Ngalang;Gunungkidul;8.706
Gedangsari;Sampang;Gunungkidul;3.044
Gedangsari;Serut;Gunungkidul;5.138
Gedangsari;Tegalrejo;Gunungkidul;8.079
Gedangsari;Watugajah;Gunungkidul;4.148
Girisubo;Balong;Gunungkidul;3.996
Girisubo;Jepitu;Gunungkidul;4.232
Girisubo;Jerukwudel;Gunungkidul;1.850
Girisubo;Karangawen;Gunungkidul;1.622
Girisubo;Nglindur;Gunungkidul;2.687
Girisubo;Pucung;Gunungkidul;3.255
Girisubo;Songbanyu;Gunungkidul;3.470
Girisubo;Tileng;Gunungkidul;4.300
Karangmojo;Bejiharjo;Gunungkidul;16.343
Karangmojo;Bendungan;Gunungkidul;2.255
Karangmojo;Gedangrejo;Gunungkidul;6.258
Karangmojo;Jatiayu;Gunungkidul;7.705
Karangmojo;Karangmojo;Gunungkidul;9.039
Karangmojo;Kelor;Gunungkidul;3.227
Karangmojo;Ngawis;Gunungkidul;4.169
Karangmojo;Ngipak;Gunungkidul;3.599
Karangmojo;Wiladeg;Gunungkidul;4.390
Ngawen;Beji;Gunungkidul;4.272
Ngawen;Jurangjero;Gunungkidul;4.715
Ngawen;Kampung;Gunungkidul;6.777
Ngawen;Sambirejo;Gunungkidul;7.788
Ngawen;Tancep;Gunungkidul;6.095
Ngawen;Watusigar;Gunungkidul;5.591
Nglipar;Katongan;Gunungkidul;5.023
Nglipar;Kedungkeris;Gunungkidul;4.815
Nglipar;Kedungpoh;Gunungkidul;6.269
Nglipar;Natah;Gunungkidul;3.874
Nglipar;Nglipar;Gunungkidul;4.563
Nglipar;Pengkol;Gunungkidul;5.666
Nglipar;Pilangrejo;Gunungkidul;3.652
Paliyan;Giring;Gunungkidul;2.936
Paliyan;Grogol;Gunungkidul;2.396
Paliyan;Karangasem;Gunungkidul;8.272
Paliyan;Karangduwet;Gunungkidul;6.755
Paliyan;Mulusan;Gunungkidul;5.371
Paliyan;Pampang;Gunungkidul;2.705
Paliyan;Sodo;Gunungkidul;4.830
Panggang;Giriharjo;Gunungkidul;4.048
Panggang;Girikarto;Gunungkidul;4.072
Panggang;Girimulyo;Gunungkidul;5.907
Panggang;Girisekar;Gunungkidul;7.779
Panggang;Girisuko;Gunungkidul;5.560
Panggang;Giriwungu;Gunungkidul;2.538
Patuk;Beji;Gunungkidul;2.704
Patuk;Bunder;Gunungkidul;3.517
Patuk;Nglanggeran;Gunungkidul;2.715
Patuk;Nglegi;Gunungkidul;3.232
Patuk;Ngoro-oro;Gunungkidul;3.684
Patuk;Patuk;Gunungkidul;2.917
Patuk;Pengkok;Gunungkidul;3.180
Patuk;Putat;Gunungkidul;4.333
Patuk;Salam;Gunungkidul;3.233
Patuk;Semoyo;Gunungkidul;2.787
Patuk;Terbah;Gunungkidul;2.630
Playen;Banaran;Gunungkidul;4.346
Playen;Bandung;Gunungkidul;4.066
Playen;Banyusoco;Gunungkidul;5.994
Playen;Bleberan;Gunungkidul;5.787
Playen;Dengok;Gunungkidul;2.534
Playen;Gading;Gunungkidul;6.319
Playen;Getas;Gunungkidul;5.649
Playen;Logandeng;Gunungkidul;9.138
Playen;Ngawu;Gunungkidul;4.144
Playen;Ngleri;Gunungkidul;2.772
Playen;Ngunut;Gunungkidul;2.392
Playen;Playen;Gunungkidul;4.481
Playen;Plembutan;Gunungkidul;5.005
Ponjong;Bedoyo;Gunungkidul;4.171
Ponjong;Genjahan;Gunungkidul;5.837
Ponjong;Gombang;Gunungkidul;3.403
Ponjong;Karangasem;Gunungkidul;2.655
Ponjong;Kenteng;Gunungkidul;3.327
Ponjong;Ponjong;Gunungkidul;5.092
Ponjong;Sawahan;Gunungkidul;5.768
Ponjong;Sidorejo;Gunungkidul;9.620
Ponjong;Sumbergiri;Gunungkidul;4.824
Ponjong;Tambakromo;Gunungkidul;4.211
Ponjong;Umbulrejo;Gunungkidul;7.440
Purwosari;Giriasih;Gunungkidul;1.521
Purwosari;Giricahyo;Gunungkidul;4.295
Purwosari;Girijati;Gunungkidul;2.065
Purwosari;Giripurwo;Gunungkidul;9.231
Purwosari;Giritirto;Gunungkidul;4.205
Rongkop;Bohol;Gunungkidul;1.320
Rongkop;Botodayaan;Gunungkidul;4.999
Rongkop;Karangwuni;Gunungkidul;3.835
Rongkop;Melikan;Gunungkidul;3.462
Rongkop;Petir;Gunungkidul;3.622
Rongkop;Pringombo;Gunungkidul;3.944
Rongkop;Pucanganom;Gunungkidul;4.019
Rongkop;Semugih;Gunungkidul;4.853
Saptosari;Jetis;Gunungkidul;5.425
Saptosari;Kanigoro;Gunungkidul;7.075
Saptosari;Kepek;Gunungkidul;6.300
Saptosari;Krambilsawit;Gunungkidul;6.557
Saptosari;Monggol;Gunungkidul;5.000
Saptosari;Ngloro;Gunungkidul;3.454
Saptosari;Planjan;Gunungkidul;6.497
Semanu;Candirejo;Gunungkidul;8.058
Semanu;Dadapayu;Gunungkidul;7.879
Semanu;Ngeposari;Gunungkidul;10.441
Semanu;Pacarejo;Gunungkidul;17.257
Semanu;Semanu;Gunungkidul;16.984
Semin;Bendung;Gunungkidul;4.482
Semin;Bulurejo;Gunungkidul;3.765
Semin;Candirejo;Gunungkidul;7.733
Semin;Kalitekuk;Gunungkidul;4.031
Semin;Karangsari;Gunungkidul;5.873
Semin;Kemejing;Gunungkidul;3.866
Semin;Pundungsari;Gunungkidul;4.763
Semin;Rejosari;Gunungkidul;5.514
Semin;Semin;Gunungkidul;11.719
Semin;Sumberejo;Gunungkidul;6.265
Tanjungsari;Banjarejo;Gunungkidul;7.296
Tanjungsari;Hargosari;Gunungkidul;5.888
Tanjungsari;Kemadang;Gunungkidul;5.628
Tanjungsari;Kemiri;Gunungkidul;4.706
Tanjungsari;Ngestirejo;Gunungkidul;6.049
Tepus;Giripanggung;Gunungkidul;6.239
Tepus;Purwodadi;Gunungkidul;7.762
Tepus;Sidoharjo;Gunungkidul;6.719
Tepus;Sumberwungu;Gunungkidul;6.333
Tepus;Tepus;Gunungkidul;9.490
Wonosari;Baleharjo;Gunungkidul;6.521
Wonosari;Duwet;Gunungkidul;2.758
Wonosari;Gari;Gunungkidul;6.569
Wonosari;Karangrejek;Gunungkidul;6.198
Wonosari;Karangtengah;Gunungkidul;8.960
Wonosari;Kepek;Gunungkidul;11.868
Wonosari;Mulo;Gunungkidul;5.359
Wonosari;Piyaman;Gunungkidul;9.189
Wonosari;Pulutan;Gunungkidul;4.467
Wonosari;Selang;Gunungkidul;4.914
Wonosari;Siraman;Gunungkidul;6.210
Wonosari;Wareng;Gunungkidul;4.454
Wonosari;Wonosari;Gunungkidul;9.534
Wonosari;Wunung;Gunungkidul;3.752
Danurejan;Kelurahan Bausasran;Kota Yogyakarta;7.407
Danurejan;Kelurahan Suryatmajan;Kota Yogyakarta;4.543
Danurejan;Kelurahan Tegalpanggung;Kota Yogyakarta;9.203
Gedongtengen;Kelurahan Pringgokusuman;Kota Yogyakarta;11.891
Gedongtengen;Kelurahan Sosromenduran;Kota Yogyakarta;7.322
Gondokusuman;Kelurahan Baciro;Kota Yogyakarta;12.305
Gondokusuman;Kelurahan Demangan;Kota Yogyakarta;8.618
Gondokusuman;Kelurahan Klitren;Kota Yogyakarta;9.598
Gondokusuman;Kelurahan Kotabaru;Kota Yogyakarta;3.155
Gondokusuman;Kelurahan Terban;Kota Yogyakarta;9.375
Gondomanan;Kelurahan Ngupasan;Kota Yogyakarta;5.664
Gondomanan;Kelurahan Prawirodirjan;Kota Yogyakarta;9.346
Jetis;Kelurahan Bumijo;Kota Yogyakarta;10.231
Jetis;Kelurahan Cokrodiningratan;Kota Yogyakarta;8.874
Jetis;Kelurahan Gowongan;Kota Yogyakarta;7.983
Kotagede;Kelurahan Prenggan;Kota Yogyakarta;11.693
Kotagede;Kelurahan Purbayan;Kota Yogyakarta;10.528
Kotagede;Kelurahan Rejowinangun;Kota Yogyakarta;13.136
Kraton;Kelurahan Kadipaten;Kota Yogyakarta;6.608
Kraton;Kelurahan Panembahan;Kota Yogyakarta;8.991
Kraton;Kelurahan Patehan;Kota Yogyakarta;5.861
Mantrijeron;Kelurahan Gedongkiwo;Kota Yogyakarta;13.936
Mantrijeron;Kelurahan Mantrijeron;Kota Yogyakarta;9.963
Mantrijeron;Kelurahan Suryodiningratan;Kota Yogyakarta;11.323
Mergangsan;Kelurahan Brontokusuman;Kota Yogyakarta;10.873
Mergangsan;Kelurahan Keparakan;Kota Yogyakarta;9.614
Mergangsan;Kelurahan Wirogunan;Kota Yogyakarta;11.178
Ngampilan;Kelurahan Ngampilan;Kota Yogyakarta;9.963
Ngampilan;Kelurahan Notoprajan;Kota Yogyakarta;8.108
Pakualaman;Kelurahan Gunungketur;Kota Yogyakarta;4.527
Pakualaman;Kelurahan Purwokinanti;Kota Yogyakarta;6.095
Tegalrejo;Kelurahan Bener;Kota Yogyakarta;5.010
Tegalrejo;Kelurahan Karangwaru;Kota Yogyakarta;9.655
Tegalrejo;Kelurahan Kricak;Kota Yogyakarta;13.478
Tegalrejo;Kelurahan Tegalrejo;Kota Yogyakarta;9.294
Umbulharjo;Kelurahan Giwangan;Kota Yogyakarta;8.146
Umbulharjo;Kelurahan Muja Muju;Kota Yogyakarta;11.263
Umbulharjo;Kelurahan Pandeyan;Kota Yogyakarta;12.351
Umbulharjo;Kelurahan Semaki;Kota Yogyakarta;5.145
Umbulharjo;Kelurahan Sorosutan;Kota Yogyakarta;16.057
Umbulharjo;Kelurahan Tahunan;Kota Yogyakarta;9.207
Umbulharjo;Kelurahan Warungboto;Kota Yogyakarta;9.389
Wirobrajan;Kelurahan Pakuncen;Kota Yogyakarta;11.099
Wirobrajan;Kelurahan Patangpuluhan;Kota Yogyakarta;7.679
Wirobrajan;Kelurahan Wirobrajan;Kota Yogyakarta;9.328
Galur;Banaran;Kulon Progo;5.931
Galur;Brosot;Kulon Progo;5.083
Galur;Karangsewu;Kulon Progo;8.802
Galur;Kranggan;Kulon Progo;2.732
Galur;Nomporejo;Kulon Progo;2.397
Galur;Pandowan;Kulon Progo;2.284
Galur;Tirtorahayu;Kulon Progo;7.870
Girimulyo;Giripurwo;Kulon Progo;6.547
Girimulyo;Jatimulyo;Kulon Progo;7.053
Girimulyo;Pendoworejo;Kulon Progo;5.256
Girimulyo;Purwosari;Kulon Progo;4.588
Kalibawang;Banjararum;Kulon Progo;10.826
Kalibawang;Banjarasri;Kulon Progo;5.235
Kalibawang;Banjarharjo;Kulon Progo;8.828
Kalibawang;Banjaroyo;Kulon Progo;10.009
Kokap;Hargomulyo;Kulon Progo;7.288
Kokap;Hargorejo;Kulon Progo;10.796
Kokap;Hargotirto;Kulon Progo;6.102
Kokap;Hargowilis;Kulon Progo;5.794
Kokap;Kalirejo;Kulon Progo;3.715
Lendah;Bumirejo;Kulon Progo;10.940
Lendah;Gulurejo;Kulon Progo;5.243
Lendah;Jatirejo;Kulon Progo;6.121
Lendah;Ngentakrejo;Kulon Progo;8.733
Lendah;Sidorejo;Kulon Progo;8.375
Lendah;Wahyuharjo;Kulon Progo;2.346
Nanggulan;Banyuroto;Kulon Progo;3.457
Nanggulan;Donomulyo;Kulon Progo;5.776
Nanggulan;Jatisarono;Kulon Progo;4.908
Nanggulan;Kembang;Kulon Progo;4.434
Nanggulan;Tanjungharjo;Kulon Progo;4.070
Nanggulan;Wijimulyo;Kulon Progo;4.905
Panjatan;Bojong;Kulon Progo;4.361
Panjatan;Bugel;Kulon Progo;3.870
Panjatan;Cerme;Kulon Progo;4.977
Panjatan;Depok;Kulon Progo;2.726
Panjatan;Garongan;Kulon Progo;2.286
Panjatan;Gotakan;Kulon Progo;3.315
Panjatan;Kanoman;Kulon Progo;2.549
Panjatan;Krembangan;Kulon Progo;5.209
Panjatan;Panjatan;Kulon Progo;2.344
Panjatan;Pleret;Kulon Progo;4.284
Panjatan;Tayuban;Kulon Progo;2.439
Pengasih;Karangsari;Kulon Progo;5.357
Pengasih;Kedungsari;Kulon Progo;3.723
Pengasih;Margosari;Kulon Progo;4.316
Pengasih;Pengasih;Kulon Progo;6.933
Pengasih;Sendangsari;Kulon Progo;8.815
Pengasih;Sidomulyo;Kulon Progo;2.712
Pengasih;Tawangsari;Kulon Progo;7.215
Samigaluh;Banjarsari;Kulon Progo;3.539
Samigaluh;Gerbosari;Kulon Progo;4.928
Samigaluh;Kebonharjo;Kulon Progo;3.289
Samigaluh;Ngargosari;Kulon Progo;2.136
Samigaluh;Pagerharjo;Kulon Progo;4.504
Samigaluh;Purwoharjo;Kulon Progo;3.157
Samigaluh;Sidoharjo;Kulon Progo;3.185
Sentolo;Banguncipto;Kulon Progo;3.261
Sentolo;Demangrejo;Kulon Progo;4.699
Sentolo;Kaliagung;Kulon Progo;5.340
Sentolo;Salamrejo;Kulon Progo;5.064
Sentolo;Sentolo;Kulon Progo;6.511
Sentolo;Srikayangan;Kulon Progo;3.050
Sentolo;Sukoreno;Kulon Progo;6.507
Sentolo;Tuksono;Kulon Progo;7.580
Temon;Demen;Kulon Progo;1.280
Temon;Glagah;Kulon Progo;2.875
Temon;Jangkaran;Kulon Progo;1.195
Temon;Janten;Kulon Progo;2.135
Temon;Kalidengen;Kulon Progo;1.817
Temon;Kaligintung;Kulon Progo;3.746
Temon;Karangwuluh;Kulon Progo;1.373
Temon;Kebonrejo;Kulon Progo;1.455
Temon;Kedundang;Kulon Progo;3.559
Temon;Kulur;Kulon Progo;2.743
Temon;Palihan;Kulon Progo;3.052
Temon;Plumbon;Kulon Progo;2.477
Temon;Sindutan;Kulon Progo;2.261
Temon;Temon Kulon;Kulon Progo;2.030
Temon;Temon Wetan;Kulon Progo;1.530
Wates;Bendungan;Kulon Progo;5.296
Wates;Giripeni;Kulon Progo;8.372
Wates;Karangwuni;Kulon Progo;3.682
Wates;Kelurahan Wates;Kulon Progo;10.935
Wates;Kulwaru;Kulon Progo;2.980
Wates;Ngestiharjo;Kulon Progo;5.586
Wates;Sogan;Kulon Progo;2.283
Wates;Triharjo;Kulon Progo;5.565
Berbah;Jogotirto;Sleman;11.106
Berbah;Kalitirto;Sleman;19.046
Berbah;Sendangtirto;Sleman;24.470
Berbah;Tegaltirto;Sleman;11.934
Cangkringan;Argomulyo;Sleman;7.130
Cangkringan;Glagaharjo;Sleman;3.256
Cangkringan;Kepuharjo;Sleman;2.965
Cangkringan;Umbulharjo;Sleman;4.693
Cangkringan;Wukirsari;Sleman;12.785
Depok;Caturtunggal;Sleman;60.727
Depok;Condongcatur;Sleman;50.954
Depok;Maguwoharjo;Sleman;49.553
Gamping;Ambarketawang;Sleman;22.218
Gamping;Balecatur;Sleman;19.007
Gamping;Banyuraden;Sleman;10.714
Gamping;Nogotirto;Sleman;26.286
Gamping;Trihanggo;Sleman;30.209
Godean;Sidoagung;Sleman;7.097
Godean;Sidoarum;Sleman;19.055
Godean;Sidokarto;Sleman;10.003
Godean;Sidoluhur;Sleman;10.315
Godean;Sidomoyo;Sleman;7.545
Godean;Sidomulyo;Sleman;6.925
Godean;Sidorejo;Sleman;9.776
Kalasan;Purwomartani;Sleman;40.877
Kalasan;Selomartani;Sleman;11.332
Kalasan;Tamanmartani;Sleman;18.602
Kalasan;Tirtomartani;Sleman;20.434
Minggir;Sendangagung;Sleman;4.365
Minggir;Sendangarum;Sleman;5.092
Minggir;Sendangmulyo;Sleman;6.735
Minggir;Sendangrejo;Sleman;6.972
Minggir;Sendangsari;Sleman;7.369
Mlati;Sendangadi;Sleman;22.656
Mlati;Sinduadi;Sleman;34.558
Mlati;Sumberadi;Sleman;10.922
Mlati;Tirtoadi;Sleman;11.130
Mlati;Tlogoadi;Sleman;13.865
Moyudan;Sumberagung;Sleman;14.816
Moyudan;Sumberarum;Sleman;7.317
Moyudan;Sumberrahayu;Sleman;9.320
Moyudan;Sumbersari;Sleman;8.303
Ngaglik;Donoharjo;Sleman;10.760
Ngaglik;Minomartani;Sleman;13.323
Ngaglik;Sardonoharjo;Sleman;22.688
Ngaglik;Sariharjo;Sleman;28.065
Ngaglik;Sinduharjo;Sleman;18.635
Ngaglik;Sukoharjo;Sleman;20.869
Ngemplak;Bimomartani;Sleman;10.305
Ngemplak;Sindumartani;Sleman;8.504
Ngemplak;Umbulmartani;Sleman;10.042
Ngemplak;Wedomartani;Sleman;35.402
Ngemplak;Widodomartani;Sleman;8.563
Pakem;Candibinangun;Sleman;8.527
Pakem;Hargobinangun;Sleman;9.413
Pakem;Harjobinangun;Sleman;6.652
Pakem;Pakembinangun;Sleman;6.207
Pakem;Purwobinangun;Sleman;7.758
Prambanan;Bokoharjo;Sleman;11.027
Prambanan;Gayamharjo;Sleman;3.162
Prambanan;Madurejo;Sleman;13.961
Prambanan;Sambirejo;Sleman;5.811
Prambanan;Sumberharjo;Sleman;14.423
Prambanan;Wukirharjo;Sleman;8.443
Seyegan;Margoagung;Sleman;10.555
Seyegan;Margodadi;Sleman;8.729
Seyegan;Margokaton;Sleman;9.533
Seyegan;Margoluwih;Sleman;10.344
Seyegan;Margomulyo;Sleman;10.922
Sleman;Caturharjo;Sleman;16.569
Sleman;Pandowoharjo;Sleman;12.963
Sleman;Tridadi;Sleman;15.755
Sleman;Triharjo;Sleman;16.783
Sleman;Trimulyo;Sleman;15.390
Tempel;Banyurejo;Sleman;8.723
Tempel;Lumbungrejo;Sleman;6.935
Tempel;Margorejo;Sleman;8.924
Tempel;Merdikorejo;Sleman;6.334
Tempel;Mororejo;Sleman;5.051
Tempel;Pondokrejo;Sleman;6.352
Tempel;Sumberrejo;Sleman;7.126
Tempel;Tambakrejo;Sleman;6.345
Turi;Bangunkerto;Sleman;9.702
Turi;Donokerto;Sleman;10.752
Turi;Girikerto;Sleman;6.833
Turi;Wonokerto;Sleman;11.147
